{
  "web": {
    "client_id": "997c91cc-7866-4a6e-af06-3cd2da4374ce",
	  "issuer": "https://auth.dataporten.no",
    "client_secret": "5c475d41-6465-4357-b0e0-4141652aaebc",
    "redirect_uris": [
      "https://www.ux.uis.no/behaviourmapper/startpage",
      "http://localhost:3000/behaviourmapper/startpage",
      "http://localhost:3000/behaviourmapper/",
      "https://www.ux.uis.no/behaviourmapper/",
      "http://localhost:5000/",
      "https://behaviourmapper.ux.uis.no/"
	],
    "auth_uri": "https://auth.dataporten.no/oauth/authorization",
    "token_uri": "https://auth.dataporten.no/oauth/token",
	  "userinfo_uri": "https://auth.dataporten.no/openid/userinfo"
  }
}